metrics,Aggregate,Male,Female
Acc,0.6339066339066339,0.5860655737704918,0.7055214723926381
Sens,0.2727272727272727,0.25,0.31746031746031744
Spec,0.9409090909090909,0.9333333333333333,0.95
