metrics,Aggregate,Male,Female
Acc,0.6265356265356266,0.5860655737704918,0.6871165644171779
Sens,0.33689839572192515,0.3064516129032258,0.3968253968253968
Spec,0.8727272727272727,0.875,0.87
