metrics,Aggregate,Male,Female
Acc,0.5896805896805897,0.5491803278688525,0.6503067484662577
Sens,0.10695187165775401,0.11290322580645161,0.09523809523809523
Spec,1.0,1.0,1.0
