metrics,Aggregate,Male,Female
Acc,0.6265356265356266,0.610655737704918,0.6503067484662577
Sens,0.6096256684491979,0.5967741935483871,0.6349206349206349
Spec,0.6409090909090909,0.625,0.66
